Model,Accuracy,EvalTimeSeconds
BaseBERT,0.4833922261484099,47.12847578525543
Improved,0.6336866902237926,47.12847578525543
